{"DefaultGameSettings": {"ProjectName": "Squad", "ProjectVersion": "v8.0.0.291490.361"}, "Maps": [{"Name": "TL foolsv1", "rawName": "TL_foolsv1", "levelName": "TL_foolsv1", "fName": "TL_foolsv1", "gamemode": "CTF", "persistentLightingType": "Evening", "lightingLevel": "", "minimapTexture": "", "mapSize": "0.0x0.0 km", "minimapCornersPosition": {"min": {"x": 0.0, "y": 0.0}, "max": {"x": 0.0, "y": 0.0}}, "mapTextureCorners": [{"point": 0, "location_x": 0.0, "location_y": 0.0, "location_z": 0}, {"point": 1, "location_x": 0.0, "location_y": 0.0, "location_z": 0}], "mapId": "TL_fools", "biome": "FOREST", "mapName": "None", "commander": false, "layerVersion": "v1", "separatedFactionsList": false, "factions": [], "teamConfigs": {"team1": {"index": 1, "playerPercent": 50, "tickets": 160, "disabledVeh": true, "isAttackingTeam": true, "isDefendingTeam": false, "allowedAlliances": [], "allowedFactionUnitTypes": []}, "team2": {"index": 2, "playerPercent": 50, "tickets": 160, "disabledVeh": true, "isAttackingTeam": true, "isDefendingTeam": false, "allowedAlliances": [], "allowedFactionUnitTypes": []}}, "objectives": {}}, {"Name": "TL foolsv1rev", "rawName": "TL_foolsv1rev", "levelName": "TL_foolsv1rev", "fName": "TL_foolsv1rev", "gamemode": "CTF", "persistentLightingType": "Evening", "lightingLevel": "", "minimapTexture": "", "mapSize": "0.0x0.0 km", "minimapCornersPosition": {"min": {"x": 0.0, "y": 0.0}, "max": {"x": 0.0, "y": 0.0}}, "mapTextureCorners": [{"point": 0, "location_x": 0.0, "location_y": 0.0, "location_z": 0}, {"point": 1, "location_x": 0.0, "location_y": 0.0, "location_z": 0}], "mapId": "TL_fools", "biome": "FOREST", "mapName": "None", "commander": false, "separatedFactionsList": false, "factions": [], "teamConfigs": {"team1": {"index": 1, "playerPercent": 50, "tickets": 160, "disabledVeh": true, "isAttackingTeam": true, "isDefendingTeam": false, "allowedAlliances": [], "allowedFactionUnitTypes": []}, "team2": {"index": 2, "playerPercent": 50, "tickets": 160, "disabledVeh": true, "isAttackingTeam": true, "isDefendingTeam": false, "allowedAlliances": [], "allowedFactionUnitTypes": []}}, "objectives": {}}, {"Name": "TL goosev1", "rawName": "TL_goosev1", "levelName": "TL_goosev1", "fName": "TL_goosev1", "gamemode": "CTF", "persistentLightingType": "Overcast", "lightingLevel": "", "minimapTexture": "", "mapSize": "0.0x0.0 km", "minimapCornersPosition": {"min": {"x": 0.0, "y": 0.0}, "max": {"x": 0.0, "y": 0.0}}, "mapTextureCorners": [{"point": 0, "location_x": 0.0, "location_y": 0.0, "location_z": 0}, {"point": 1, "location_x": 0.0, "location_y": 0.0, "location_z": 0}], "mapId": "TL_goose", "biome": "SNOW", "mapName": "None", "commander": false, "layerVersion": "v1", "separatedFactionsList": false, "factions": [], "teamConfigs": {"team1": {"index": 1, "playerPercent": 50, "tickets": 160, "disabledVeh": true, "isAttackingTeam": true, "isDefendingTeam": false, "allowedAlliances": [], "allowedFactionUnitTypes": []}, "team2": {"index": 2, "playerPercent": 50, "tickets": 160, "disabledVeh": true, "isAttackingTeam": true, "isDefendingTeam": false, "allowedAlliances": [], "allowedFactionUnitTypes": []}}, "objectives": {}}, {"Name": "TL goosev1rev", "rawName": "TL_goosev1rev", "levelName": "TL_goosev1rev", "fName": "TL_goosev1rev", "gamemode": "CTF", "persistentLightingType": "Overcast", "lightingLevel": "", "minimapTexture": "", "mapSize": "0.0x0.0 km", "minimapCornersPosition": {"min": {"x": 0.0, "y": 0.0}, "max": {"x": 0.0, "y": 0.0}}, "mapTextureCorners": [{"point": 0, "location_x": 0.0, "location_y": 0.0, "location_z": 0}, {"point": 1, "location_x": 0.0, "location_y": 0.0, "location_z": 0}], "mapId": "TL_goose", "biome": "SNOW", "mapName": "None", "commander": false, "separatedFactionsList": false, "factions": [], "teamConfigs": {"team1": {"index": 1, "playerPercent": 50, "tickets": 160, "disabledVeh": true, "isAttackingTeam": true, "isDefendingTeam": false, "allowedAlliances": [], "allowedFactionUnitTypes": []}, "team2": {"index": 2, "playerPercent": 50, "tickets": 160, "disabledVeh": true, "isAttackingTeam": true, "isDefendingTeam": false, "allowedAlliances": [], "allowedFactionUnitTypes": []}}, "objectives": {}}, {"Name": "TL goosev2", "rawName": "TL_goosev2", "levelName": "TL_goosev2", "fName": "TL_goosev2", "gamemode": "CTF", "persistentLightingType": "Overcast", "lightingLevel": "", "minimapTexture": "", "mapSize": "0.0x0.0 km", "minimapCornersPosition": {"min": {"x": 0.0, "y": 0.0}, "max": {"x": 0.0, "y": 0.0}}, "mapTextureCorners": [{"point": 0, "location_x": 0.0, "location_y": 0.0, "location_z": 0}, {"point": 1, "location_x": 0.0, "location_y": 0.0, "location_z": 0}], "mapId": "TL_goose", "biome": "SNOW", "mapName": "None", "commander": false, "layerVersion": "v2", "separatedFactionsList": false, "factions": [], "teamConfigs": {"team1": {"index": 1, "playerPercent": 50, "tickets": 160, "disabledVeh": true, "isAttackingTeam": true, "isDefendingTeam": false, "allowedAlliances": [], "allowedFactionUnitTypes": []}, "team2": {"index": 2, "playerPercent": 50, "tickets": 160, "disabledVeh": true, "isAttackingTeam": true, "isDefendingTeam": false, "allowedAlliances": [], "allowedFactionUnitTypes": []}}, "objectives": {}}, {"Name": "TL goosev2rev", "rawName": "TL_goosev2rev", "levelName": "TL_goosev2rev", "fName": "TL_goosev2rev", "gamemode": "CTF", "persistentLightingType": "Overcast", "lightingLevel": "", "minimapTexture": "", "mapSize": "0.0x0.0 km", "minimapCornersPosition": {"min": {"x": 0.0, "y": 0.0}, "max": {"x": 0.0, "y": 0.0}}, "mapTextureCorners": [{"point": 0, "location_x": 0.0, "location_y": 0.0, "location_z": 0}, {"point": 1, "location_x": 0.0, "location_y": 0.0, "location_z": 0}], "mapId": "TL_goose", "biome": "SNOW", "mapName": "None", "commander": false, "separatedFactionsList": false, "factions": [], "teamConfigs": {"team1": {"index": 1, "playerPercent": 50, "tickets": 160, "disabledVeh": true, "isAttackingTeam": true, "isDefendingTeam": false, "allowedAlliances": [], "allowedFactionUnitTypes": []}, "team2": {"index": 2, "playerPercent": 50, "tickets": 160, "disabledVeh": true, "isAttackingTeam": true, "isDefendingTeam": false, "allowedAlliances": [], "allowedFactionUnitTypes": []}}, "objectives": {}}, {"Name": "TL narvav1", "rawName": "TL_narvav1", "levelName": "TL_narvav1", "fName": "TL_narvav1", "gamemode": "CTF", "persistentLightingType": "Overcast", "lightingLevel": "", "minimapTexture": "", "mapSize": "0.7x0.7 km", "minimapCornersPosition": {"min": {"x": 10000.0, "y": 10000.0}, "max": {"x": 80000.0, "y": 80000.0}}, "mapTextureCorners": [{"point": 0, "location_x": 10000.0, "location_y": 10000.0, "location_z": 0}, {"point": 1, "location_x": 80000.0, "location_y": 80000.0, "location_z": 0}], "mapId": "TL_narva", "biome": "FOREST", "mapName": "None", "commander": false, "layerVersion": "v1", "separatedFactionsList": false, "factions": [], "teamConfigs": {"team1": {"index": 1, "playerPercent": 50, "tickets": 160, "disabledVeh": true, "isAttackingTeam": true, "isDefendingTeam": false, "allowedAlliances": [], "allowedFactionUnitTypes": []}, "team2": {"index": 2, "playerPercent": 50, "tickets": 160, "disabledVeh": true, "isAttackingTeam": true, "isDefendingTeam": false, "allowedAlliances": [], "allowedFactionUnitTypes": []}}, "objectives": {"01-Team1Main": {"pointPosition": 1, "name": "Team 1 Main", "objectName": "01-Team1Main", "location_x": 30886.09375, "location_y": 68317.25, "location_z": 1423.79296875}, "00-CapturetheFlag": {"pointPosition": 0, "name": "Capture the Flag", "objectName": "00-CapturetheFlag", "location_x": 47462.875, "location_y": 59426.796875, "location_z": 1488.2734375}, "02-Team2Main": {"pointPosition": 2, "name": "Team 2 Main", "objectName": "02-Team2Main", "location_x": 61587.28125, "location_y": 45996.3125, "location_z": 708.01171875}}}, {"Name": "TL narvav1rev", "rawName": "TL_narvav1rev", "levelName": "TL_narvav1rev", "fName": "TL_narvav1rev", "gamemode": "CTF", "persistentLightingType": "Overcast", "lightingLevel": "", "minimapTexture": "", "mapSize": "0.0x0.0 km", "minimapCornersPosition": {"min": {"x": 0.0, "y": 0.0}, "max": {"x": 0.0, "y": 0.0}}, "mapTextureCorners": [{"point": 0, "location_x": 0.0, "location_y": 0.0, "location_z": 0}, {"point": 1, "location_x": 0.0, "location_y": 0.0, "location_z": 0}], "mapId": "TL_narva", "biome": "FOREST", "mapName": "None", "commander": false, "separatedFactionsList": false, "factions": [], "teamConfigs": {"team1": {"index": 1, "playerPercent": 50, "tickets": 160, "disabledVeh": true, "isAttackingTeam": true, "isDefendingTeam": false, "allowedAlliances": [], "allowedFactionUnitTypes": []}, "team2": {"index": 2, "playerPercent": 50, "tickets": 160, "disabledVeh": true, "isAttackingTeam": true, "isDefendingTeam": false, "allowedAlliances": [], "allowedFactionUnitTypes": []}}, "objectives": {}}, {"Name": "TL pacificv1", "rawName": "TL_pacificv1", "levelName": "TL_pacificv1", "fName": "TL_pacificv1", "gamemode": "CTF", "persistentLightingType": "Evening", "lightingLevel": "", "minimapTexture": "", "mapSize": "0.0x0.0 km", "minimapCornersPosition": {"min": {"x": 0.0, "y": 0.0}, "max": {"x": 0.0, "y": 0.0}}, "mapTextureCorners": [{"point": 0, "location_x": 0.0, "location_y": 0.0, "location_z": 0}, {"point": 1, "location_x": 0.0, "location_y": 0.0, "location_z": 0}], "mapId": "TL_pacific", "biome": "FOREST", "mapName": "None", "commander": false, "layerVersion": "v1", "separatedFactionsList": false, "factions": [], "teamConfigs": {"team1": {"index": 1, "playerPercent": 50, "tickets": 160, "disabledVeh": true, "isAttackingTeam": true, "isDefendingTeam": false, "allowedAlliances": [], "allowedFactionUnitTypes": []}, "team2": {"index": 2, "playerPercent": 50, "tickets": 160, "disabledVeh": true, "isAttackingTeam": true, "isDefendingTeam": false, "allowedAlliances": [], "allowedFactionUnitTypes": []}}, "objectives": {}}, {"Name": "TL pacificv1rev", "rawName": "TL_pacificv1rev", "levelName": "TL_pacificv1rev", "fName": "TL_pacificv1rev", "gamemode": "CTF", "persistentLightingType": "Evening", "lightingLevel": "", "minimapTexture": "", "mapSize": "0.0x0.0 km", "minimapCornersPosition": {"min": {"x": 0.0, "y": 0.0}, "max": {"x": 0.0, "y": 0.0}}, "mapTextureCorners": [{"point": 0, "location_x": 0.0, "location_y": 0.0, "location_z": 0}, {"point": 1, "location_x": 0.0, "location_y": 0.0, "location_z": 0}], "mapId": "TL_pacific", "biome": "FOREST", "mapName": "None", "commander": false, "separatedFactionsList": false, "factions": [], "teamConfigs": {"team1": {"index": 1, "playerPercent": 50, "tickets": 160, "disabledVeh": true, "isAttackingTeam": true, "isDefendingTeam": false, "allowedAlliances": [], "allowedFactionUnitTypes": []}, "team2": {"index": 2, "playerPercent": 50, "tickets": 160, "disabledVeh": true, "isAttackingTeam": true, "isDefendingTeam": false, "allowedAlliances": [], "allowedFactionUnitTypes": []}}, "objectives": {}}, {"Name": "TL sumariv1", "rawName": "TL_sumariv1", "levelName": "TL_sumariv1", "fName": "TL_sumariv1", "gamemode": "CTF", "persistentLightingType": "Daytime", "lightingLevel": "", "minimapTexture": "", "mapSize": "0.0x0.0 km", "minimapCornersPosition": {"min": {"x": 0.0, "y": 0.0}, "max": {"x": 0.0, "y": 0.0}}, "mapTextureCorners": [{"point": 0, "location_x": 0.0, "location_y": 0.0, "location_z": 0}, {"point": 1, "location_x": 0.0, "location_y": 0.0, "location_z": 0}], "mapId": "TL_sumari", "biome": "DESERT", "mapName": "None", "commander": false, "layerVersion": "v1", "separatedFactionsList": false, "factions": [], "teamConfigs": {"team1": {"index": 1, "playerPercent": 50, "tickets": 160, "disabledVeh": true, "isAttackingTeam": true, "isDefendingTeam": false, "allowedAlliances": [], "allowedFactionUnitTypes": []}, "team2": {"index": 2, "playerPercent": 50, "tickets": 160, "disabledVeh": true, "isAttackingTeam": true, "isDefendingTeam": false, "allowedAlliances": [], "allowedFactionUnitTypes": []}}, "objectives": {}}, {"Name": "TL sumariv1rev", "rawName": "TL_sumariv1rev", "levelName": "TL_sumariv1rev", "fName": "TL_sumariv1rev", "gamemode": "CTF", "persistentLightingType": "Daytime", "lightingLevel": "", "minimapTexture": "", "mapSize": "0.0x0.0 km", "minimapCornersPosition": {"min": {"x": 0.0, "y": 0.0}, "max": {"x": 0.0, "y": 0.0}}, "mapTextureCorners": [{"point": 0, "location_x": 0.0, "location_y": 0.0, "location_z": 0}, {"point": 1, "location_x": 0.0, "location_y": 0.0, "location_z": 0}], "mapId": "TL_sumari", "biome": "DESERT", "mapName": "None", "commander": false, "separatedFactionsList": false, "factions": [], "teamConfigs": {"team1": {"index": 1, "playerPercent": 50, "tickets": 160, "disabledVeh": true, "isAttackingTeam": true, "isDefendingTeam": false, "allowedAlliances": [], "allowedFactionUnitTypes": []}, "team2": {"index": 2, "playerPercent": 50, "tickets": 160, "disabledVeh": true, "isAttackingTeam": true, "isDefendingTeam": false, "allowedAlliances": [], "allowedFactionUnitTypes": []}}, "objectives": {}}, {"Name": "TL tallilv1", "rawName": "TL_tallilv1", "levelName": "TL_tallilv1", "fName": "TL_tallilv1", "gamemode": "CTF", "persistentLightingType": "Sandstorm", "lightingLevel": "", "minimapTexture": "", "mapSize": "0.0x0.0 km", "minimapCornersPosition": {"min": {"x": 0.0, "y": 0.0}, "max": {"x": 0.0, "y": 0.0}}, "mapTextureCorners": [{"point": 0, "location_x": 0.0, "location_y": 0.0, "location_z": 0}, {"point": 1, "location_x": 0.0, "location_y": 0.0, "location_z": 0}], "mapId": "TL_tallil", "biome": "DESERT", "mapName": "None", "commander": false, "layerVersion": "v1", "separatedFactionsList": false, "factions": [], "teamConfigs": {"team1": {"index": 1, "playerPercent": 50, "tickets": 160, "disabledVeh": true, "isAttackingTeam": true, "isDefendingTeam": false, "allowedAlliances": [], "allowedFactionUnitTypes": []}, "team2": {"index": 2, "playerPercent": 50, "tickets": 160, "disabledVeh": true, "isAttackingTeam": true, "isDefendingTeam": false, "allowedAlliances": [], "allowedFactionUnitTypes": []}}, "objectives": {}}, {"Name": "TL tallilv1rev", "rawName": "TL_tallilv1rev", "levelName": "TL_tallilv1rev", "fName": "TL_tallilv1rev", "gamemode": "CTF", "persistentLightingType": "Sandstorm", "lightingLevel": "", "minimapTexture": "", "mapSize": "0.0x0.0 km", "minimapCornersPosition": {"min": {"x": 0.0, "y": 0.0}, "max": {"x": 0.0, "y": 0.0}}, "mapTextureCorners": [{"point": 0, "location_x": 0.0, "location_y": 0.0, "location_z": 0}, {"point": 1, "location_x": 0.0, "location_y": 0.0, "location_z": 0}], "mapId": "TL_tallil", "biome": "DESERT", "mapName": "None", "commander": false, "separatedFactionsList": false, "factions": [], "teamConfigs": {"team1": {"index": 1, "playerPercent": 50, "tickets": 160, "disabledVeh": true, "isAttackingTeam": true, "isDefendingTeam": false, "allowedAlliances": [], "allowedFactionUnitTypes": []}, "team2": {"index": 2, "playerPercent": 50, "tickets": 160, "disabledVeh": true, "isAttackingTeam": true, "isDefendingTeam": false, "allowedAlliances": [], "allowedFactionUnitTypes": []}}, "objectives": {}}, {"Name": "TL yehovirkav1", "rawName": "TL_yehovirkav1", "levelName": "TL_yehovirkav1", "fName": "TL_yehovirkav1", "gamemode": "CTF", "persistentLightingType": null, "lightingLevel": "", "minimapTexture": "", "mapSize": "0.0x0.0 km", "minimapCornersPosition": {"min": {"x": 0.0, "y": 0.0}, "max": {"x": 0.0, "y": 0.0}}, "mapTextureCorners": [{"point": 0, "location_x": 0.0, "location_y": 0.0, "location_z": 0}, {"point": 1, "location_x": 0.0, "location_y": 0.0, "location_z": 0}], "mapId": "TL_yehovirka", "biome": "FOREST", "mapName": "None", "commander": false, "layerVersion": "v1", "separatedFactionsList": false, "factions": [], "teamConfigs": {"team1": {"index": 1, "playerPercent": 50, "tickets": 160, "disabledVeh": true, "isAttackingTeam": true, "isDefendingTeam": false, "allowedAlliances": [], "allowedFactionUnitTypes": []}, "team2": {"index": 2, "playerPercent": 50, "tickets": 160, "disabledVeh": true, "isAttackingTeam": true, "isDefendingTeam": false, "allowedAlliances": [], "allowedFactionUnitTypes": []}}, "objectives": {}}, {"Name": "TL yehovirkav1rev", "rawName": "TL_yehovirkav1rev", "levelName": "TL_yehovirkav1rev", "fName": "TL_yehovirkav1rev", "gamemode": "CTF", "persistentLightingType": "Daytime", "lightingLevel": "", "minimapTexture": "", "mapSize": "0.0x0.0 km", "minimapCornersPosition": {"min": {"x": 0.0, "y": 0.0}, "max": {"x": 0.0, "y": 0.0}}, "mapTextureCorners": [{"point": 0, "location_x": 0.0, "location_y": 0.0, "location_z": 0}, {"point": 1, "location_x": 0.0, "location_y": 0.0, "location_z": 0}], "mapId": "TL_yehovirka", "biome": "FOREST", "mapName": "None", "commander": false, "separatedFactionsList": false, "factions": [], "teamConfigs": {"team1": {"index": 1, "playerPercent": 50, "tickets": 160, "disabledVeh": true, "isAttackingTeam": true, "isDefendingTeam": false, "allowedAlliances": [], "allowedFactionUnitTypes": []}, "team2": {"index": 2, "playerPercent": 50, "tickets": 160, "disabledVeh": true, "isAttackingTeam": true, "isDefendingTeam": false, "allowedAlliances": [], "allowedFactionUnitTypes": []}}, "objectives": {}}], "Units": {}, "Roles": [], "MeleeWeapons": []}