{"DefaultGameSettings":{"ProjectName":"Squad","ProjectVersion":"v7.3.0.264961.343"},"MeleeWeapons":["BP_SOCP_Knife_ADF_C","BP_M9Bayonet_C","BP_AK74Bayonet_C"],"Maps":[{"Name":"44th BlackCoastSN","rawName":"44th_BlackCoastSN","levelName":"44th_BlackCoastSN","fName":"44th_BlackCoastSN","gamemode":"SlasherNight","persistentLightingType":"Overcast","lightingLevel":"","minimapTexture":"Black_Coast_Minimap","mapSize":"4.6x4.6 km","minimapCornersPosition":{"min":{"x":-229999.515625,"y":-229999.515625},"max":{"x":229998.46875,"y":229998.46875}},"mapTextureCorners":[{"point":0,"location_x":-229999.515625,"location_y":-229999.515625,"location_z":0},{"point":1,"location_x":229998.46875,"location_y":229998.46875,"location_z":0}],"mapId":"44th_BlackCoast","biome":"FOREST","mapName":"44th Black Coast","commander":false,"separatedFactionsList":false,"factions":[],"objectives":{"00-Team1Main":{"pointPosition":0,"name":"Main","objectName":"00-Team1Main","location_x":-56893.29296875,"location_y":88365.703125,"location_z":1277.27490234375},"01-TorpedoFactory":{"pointPosition":1,"name":"Torpedo Factory","objectName":"01-TorpedoFactory","location_x":-34492.5625,"location_y":49664.265625,"location_z":392.966796875},"02-TrainStation":{"pointPosition":2,"name":"Train Station","objectName":"02-TrainStation","location_x":-28850.23046875,"location_y":8808.4541015625,"location_z":1513.966796875},"03-SubPen":{"pointPosition":3,"name":"Sub Pen","objectName":"03-SubPen","location_x":19321.10546875,"location_y":-5509.4296875,"location_z":-823.763671875},"04-Kalinovka":{"pointPosition":4,"name":"Kalinovka","objectName":"04-Kalinovka","location_x":-40679.6796875,"location_y":-61918.42578125,"location_z":1513.966796875},"05-Derevnya":{"pointPosition":5,"name":"Derevnya","objectName":"05-Derevnya","location_x":13119.693359375,"location_y":-96265.2734375,"location_z":1513.966796875},"100-Team2Main":{"pointPosition":100,"name":"Main","objectName":"100-Team2Main","location_x":64241.984375,"location_y":-120409.609375,"location_z":3417.830078125}},"team1":{"defaultFactionUnit":"SN_Hunters","index":1,"playerPercent":50,"tickets":44,"disabledVeh":true,"isAttackingTeam":true,"isDefendingTeam":false,"allowedAlliances":[],"allowedFactionUnitTypes":[],"unitObjectName":"SN_Hunters","factionID":"44_SN_Hunters","shortName":"44_SN_Hunters","type":"COMBINED_ARMS","displayName":"United States Army","description":"","unitBadge":"knife_252179","alliance":"BLUFOR","actions":0,"intelOnEnemy":3,"useCommanderActionNearVehicle":false,"hasBuddyRally":false,"roles":["SN_Hunter"],"vehicles":[],"faction":"United States Army"},"team2":{"defaultFactionUnit":"SN_Prey","index":2,"playerPercent":50,"tickets":44,"disabledVeh":true,"isAttackingTeam":true,"isDefendingTeam":false,"allowedAlliances":[],"allowedFactionUnitTypes":[],"unitObjectName":"SN_Prey","factionID":"44_SN_Prey","shortName":"44_SN_Prey","type":"COMBINED_ARMS","displayName":"British Army Forces","description":"","unitBadge":"T_BAF_QRH_Armored","alliance":"BLUFOR","actions":0,"intelOnEnemy":3,"useCommanderActionNearVehicle":false,"hasBuddyRally":false,"roles":["SN_Prey"],"vehicles":[],"faction":"British Army Forces"}},{"Name":"44th GooseSeed","rawName":"44th_GooseSeed","levelName":"44th_GooseSeed","fName":"44th_GooseSeed","gamemode":"Seed","persistentLightingType":"Daytime","lightingLevel":"","minimapTexture":"","mapSize":"0.0x0.0 km","minimapCornersPosition":{"min":{"x":0,"y":0},"max":{"x":0,"y":0}},"mapTextureCorners":[{"point":0,"location_x":0,"location_y":0,"location_z":0},{"point":1,"location_x":0,"location_y":0,"location_z":0}],"mapId":"44th_Seed","biome":"SNOW","mapName":"None","commander":false,"separatedFactionsList":false,"factions":[],"objectives":{},"team1":{"defaultFactionUnit":"USA_S_CombinedArms","index":1,"playerPercent":50,"tickets":44,"disabledVeh":false,"isAttackingTeam":false,"isDefendingTeam":true,"allowedAlliances":[],"allowedFactionUnitTypes":[],"unitObjectName":"USA_S_CombinedArms","factionID":"USA","shortName":"USA","type":"COMBINED_ARMS","displayName":"3rd Brigade Combat Team, 1st Infantry Division","description":"","unitBadge":"T_USA_1st_INFDIV_CombinedArms","alliance":"BLUFOR","actions":4,"intelOnEnemy":3,"useCommanderActionNearVehicle":false,"hasBuddyRally":false,"roles":["USA_Recruit","USA_SL_01","USA_SL_02","USA_SL_03","USA_SLCrewman_01","USA_SLPilot_01","USA_Medic_01","USA_Medic_02","USA_Rifleman_01","USA_Rifleman_02","USA_Rifleman_03","USA_AR_01","USA_AR_02","USA_Grenadier_01","USA_LAT_01","USA_LAT_02","USA_Marksman_01","USA_MachineGunner_01","USA_HAT_01","USA_HAT_02","USA_Engineer_01","USA_Crewman_01","USA_Pilot_01","USA_Unarmed_01"],"vehicles":[{"name":"M939 Transport","rowName":"USA_M939-TRAN","type":"M939 Transport","count":3,"delay":6,"respawnTime":3,"vehType":"TRAN","spawnerSize":"APC","icon":"map_truck_transport","classNames":["BP_US_Util_Woodland_C","BP_US_Util_Desert_C"],"tags":["CLASS_HEAVY"],"rawType":"BP_US_Util_Woodland_C"},{"name":"M939 Logistics","rowName":"USA_M939-LOG","type":"M939 Logistics","count":2,"delay":0,"respawnTime":3,"vehType":"LOGI","spawnerSize":"APC","icon":"map_truck_logistics","classNames":["BP_US_Util_Woodland_Logi_C","BP_US_Util_Desert_Logi_C"],"tags":["CLASS_HEAVY"],"rawType":"BP_US_Util_Woodland_Logi_C"},{"name":"M-ATV M2","rowName":"USA_MATV-M2","type":"M-ATV M2","count":2,"delay":0,"respawnTime":6,"vehType":"MRAP","spawnerSize":"CAR","icon":"map_jeep","classNames":["BP_MATV_Woodland_C","BP_MATV_C"],"tags":["CLASS_MEDIUM"],"rawType":"BP_MATV_Woodland_C"}],"faction":"3rd Brigade Combat Team, 1st Infantry Division"},"team2":{"defaultFactionUnit":"RGF_S_CombinedArms","index":2,"playerPercent":50,"tickets":44,"disabledVeh":false,"isAttackingTeam":false,"isDefendingTeam":true,"allowedAlliances":[],"allowedFactionUnitTypes":[],"unitObjectName":"RGF_S_CombinedArms","factionID":"RGF","shortName":"RGF","type":"COMBINED_ARMS","displayName":"49th Combined Arms Army","description":"","unitBadge":"T_RGF_49th_OA_CombinedArms","alliance":"REDFOR","actions":4,"intelOnEnemy":3,"useCommanderActionNearVehicle":false,"hasBuddyRally":false,"roles":["RGF_Recruit","RGF_SL_01","RGF_SL_02","RGF_SL_03","RGF_SLCrewman_01","RGF_SLPilot_01","RGF_Medic_01","RGF_Medic_02","RGF_Rifleman_01","RGF_Rifleman_02","RGF_Rifleman_03","RGF_AR_01","RGF_AR_02","RGF_Grenadier_01","RGF_LAT_01","RGF_LAT_02","RGF_Marksman_01","RGF_MachineGunner_01","RGF_HAT_01","RGF_HAT_02","RGF_Engineer_01","RGF_Crewman_01","RGF_Pilot_01","RGF_Unarmed_01"],"vehicles":[{"name":"KamAZ 5350 Transport","rowName":"RGF_Kamaz_5350_TRAN","type":"KamAZ 5350 Transport","count":3,"delay":6,"respawnTime":3,"vehType":"TRAN","spawnerSize":"APC","icon":"map_truck_transport","classNames":["BP_Kamaz_5350_C","BP_Kamaz_5350_Desert_C"],"tags":["CLASS_HEAVY"],"rawType":"BP_Kamaz_5350_C"},{"name":"KamAZ 5350 Logistics","rowName":"RGF_Kamaz_5350_LOG","type":"KamAZ 5350 Logistics","count":2,"delay":0,"respawnTime":3,"vehType":"LOGI","spawnerSize":"APC","icon":"map_truck_logistics","classNames":["BP_Kamaz_5350_Logi_C","BP_Kamaz_5350_Logi_Desert_C"],"tags":["CLASS_HEAVY"],"rawType":"BP_Kamaz_5350_Logi_C"},{"name":"Tigr-M Kord","rowName":"RGF_Tigr_M_Kord","type":"Tigr-M Kord","count":2,"delay":0,"respawnTime":6,"vehType":"MRAP","spawnerSize":"CAR","icon":"map_jeep","classNames":["BP_Tigr_C","BP_Tigr_Desert_C"],"tags":["CLASS_MEDIUM"],"rawType":"BP_Tigr_C"}],"faction":"49th Combined Arms Army"}},{"Name":"44th HarjuSN","rawName":"44th_HarjuSN","levelName":"44th_HarjuSN","fName":"44th_HarjuSN","gamemode":"SlasherNight","persistentLightingType":"Daytime","lightingLevel":"","minimapTexture":"Harju_Minimap","mapSize":"4.0x4.0 km","minimapCornersPosition":{"min":{"x":-201600,"y":-201600},"max":{"x":201600,"y":201600}},"mapTextureCorners":[{"point":0,"location_x":-201600,"location_y":-201600,"location_z":0},{"point":1,"location_x":201600,"location_y":201600,"location_z":0}],"mapId":"44th_Harju","biome":"FOREST","mapName":"44th Harju","commander":false,"separatedFactionsList":false,"factions":[],"objectives":{"00-Team1Main":{"pointPosition":0,"name":"Main","objectName":"00-Team1Main","location_x":-68707.7578125,"location_y":45059.984375,"location_z":287.749267578125},"01-PowerPlant":{"pointPosition":1,"name":"Power Plant","objectName":"01-PowerPlant","location_x":15779.671875,"location_y":-16533.73046875,"location_z":536.0131225585938},"02-LogisticsHub":{"pointPosition":2,"name":"Logistics Hub","objectName":"02-LogisticsHub","location_x":18995.392578125,"location_y":-53309.16015625,"location_z":449.9765625},"03-ConstructionSite":{"pointPosition":3,"name":"Construction Site","objectName":"03-ConstructionSite","location_x":31078.23828125,"location_y":-90984.4296875,"location_z":1615.4453125},"04-TownHall":{"pointPosition":4,"name":"Town Hall","objectName":"04-TownHall","location_x":78154.25,"location_y":-91127.3046875,"location_z":827.77197265625},"05-BombedApartments":{"pointPosition":5,"name":"Bombed Apartments","objectName":"05-BombedApartments","location_x":81598.8046875,"location_y":-66988.8828125,"location_z":948},"06-Warehouse21":{"pointPosition":6,"name":"Warehouse 21","objectName":"06-Warehouse21","location_x":83388.4375,"location_y":-4404.1416015625,"location_z":-970},"07-TruckStop":{"pointPosition":7,"name":"Truck Stop","objectName":"07-TruckStop","location_x":114984.59375,"location_y":5381.3212890625,"location_z":970.0009765625},"100-Team2Main":{"pointPosition":100,"name":"Main","objectName":"100-Team2Main","location_x":186716.109375,"location_y":84148.8359375,"location_z":537.15185546875}},"team1":{"defaultFactionUnit":"SN_Prey","index":1,"playerPercent":50,"tickets":44,"disabledVeh":true,"isAttackingTeam":true,"isDefendingTeam":false,"allowedAlliances":[],"allowedFactionUnitTypes":[],"unitObjectName":"SN_Prey","factionID":"44_SN_Prey","shortName":"44_SN_Prey","type":"COMBINED_ARMS","displayName":"British Army Forces","description":"","unitBadge":"T_BAF_QRH_Armored","alliance":"BLUFOR","actions":0,"intelOnEnemy":3,"useCommanderActionNearVehicle":false,"hasBuddyRally":false,"roles":["SN_Prey"],"vehicles":[],"faction":"British Army Forces"},"team2":{"defaultFactionUnit":"SN_Hunters","index":2,"playerPercent":50,"tickets":44,"disabledVeh":true,"isAttackingTeam":true,"isDefendingTeam":false,"allowedAlliances":[],"allowedFactionUnitTypes":[],"unitObjectName":"SN_Hunters","factionID":"44_SN_Hunters","shortName":"44_SN_Hunters","type":"COMBINED_ARMS","displayName":"United States Army","description":"","unitBadge":"knife_252179","alliance":"BLUFOR","actions":0,"intelOnEnemy":3,"useCommanderActionNearVehicle":false,"hasBuddyRally":false,"roles":["SN_Hunter"],"vehicles":[],"faction":"United States Army"}},{"Name":"44th MestiaSN","rawName":"44th_MestiaSN","levelName":"44th_MestiaSN","fName":"44th_MestiaSN","gamemode":"SlasherNight","persistentLightingType":"Overcast","lightingLevel":"","minimapTexture":"T_Mestia_Minimap","mapSize":"2.4x2.4 km","minimapCornersPosition":{"min":{"x":-120000,"y":-120000},"max":{"x":120000,"y":120000}},"mapTextureCorners":[{"point":0,"location_x":-120000,"location_y":-120000,"location_z":0},{"point":1,"location_x":120000,"location_y":120000,"location_z":0}],"mapId":"44th_Mestia","biome":"FOREST","mapName":"44th Mestia","commander":false,"separatedFactionsList":false,"factions":[],"objectives":{},"team1":{"defaultFactionUnit":"SN_Hunters","index":1,"playerPercent":50,"tickets":44,"disabledVeh":true,"isAttackingTeam":true,"isDefendingTeam":false,"allowedAlliances":[],"allowedFactionUnitTypes":[],"unitObjectName":"SN_Hunters","factionID":"44_SN_Hunters","shortName":"44_SN_Hunters","type":"COMBINED_ARMS","displayName":"United States Army","description":"","unitBadge":"knife_252179","alliance":"BLUFOR","actions":0,"intelOnEnemy":3,"useCommanderActionNearVehicle":false,"hasBuddyRally":false,"roles":["SN_Hunter"],"vehicles":[],"faction":"United States Army"},"team2":{"defaultFactionUnit":"SN_Prey","index":2,"playerPercent":50,"tickets":44,"disabledVeh":true,"isAttackingTeam":true,"isDefendingTeam":false,"allowedAlliances":[],"allowedFactionUnitTypes":[],"unitObjectName":"SN_Prey","factionID":"44_SN_Prey","shortName":"44_SN_Prey","type":"COMBINED_ARMS","displayName":"British Army Forces","description":"","unitBadge":"T_BAF_QRH_Armored","alliance":"BLUFOR","actions":0,"intelOnEnemy":3,"useCommanderActionNearVehicle":false,"hasBuddyRally":false,"roles":["SN_Prey"],"vehicles":[],"faction":"British Army Forces"}}]}